{"number_episodes": 6, "episode_rewards": [825.6999999999703, 862.9999999999783, 840.699999999975, 836.7999999999782, 849.3999999999751, 831.0999999999717], "mean_all_episodes": 841.1166666666413, "std_all_episodes": 12.276728210545773}