{"number_episodes": 9, "episode_rewards": [825.6999999999703, 862.9999999999783, 840.699999999975, 836.7999999999782, 849.3999999999751, 831.0999999999717, 818.1999999999731, 875.1999999999823, 835.3999999999714], "mean_all_episodes": 841.7222222221973, "std_all_episodes": 17.06372225758661}