{"number_episodes": 12, "episode_rewards": [825.6999999999703, 862.9999999999783, 840.699999999975, 836.7999999999782, 849.3999999999751, 831.0999999999717, 818.1999999999731, 875.1999999999823, 835.3999999999714, 825.4999999999801, 841.5999999999758, 849.1999999999751], "mean_all_episodes": 840.983333333309, "std_all_episodes": 15.634035165485024}