{"episode_rewards": [495.56787003608713, 387.61929824560247, 355.9810810810769, 437.0621621621544, 230.9104529616767, 445.06129032257314, 422.084300341288, 607.9291970802841, 680.9218978102059, 546.9588235293999, 691.2669064748058, 441.8354838709606, 468.9235690235591, 215.88513011152884, 464.25643564355755], "mean": 459.48425991298404, "std": 132.60076251955152}