{"number_episodes": 18, "episode_rewards": [825.6999999999703, 862.9999999999783, 840.699999999975, 836.7999999999782, 849.3999999999751, 831.0999999999717, 818.1999999999731, 875.1999999999823, 835.3999999999714, 825.4999999999801, 841.5999999999758, 849.1999999999751, 836.0999999999752, 855.4999999999773, 848.6999999999783, 827.5999999999767, 804.1999999999679, 858.2999999999847], "mean_all_episodes": 840.1222222221982, "std_all_episodes": 16.74291079019693}