{"episode_rewards": [598.8247311827851, 212.18070175439, 315.44054054053174, 347.8166666666597, 239.64358974358765, 355.0495016611226, 286.3541832669224, 437.60491803277796, 353.60370370369765, 241.7530351437737, 364.4161290322523, 351.91238390092036, 457.45395683452017, 289.6763578274702, 470.8090909090793], "mean": 354.8359660133661, "std": 99.13212800881945}