{"episode_rewards": [229.83197278911672, 488.71578947367567, 527.7195488721666, 244.05584415584298, 563.2663366336575, 448.7215488215378, 513.140418118456, 565.3676258992687, 518.4185185185057, 241.03712374581477, -13.633834586466055, 541.6910447761062, 298.4765124555141, 455.1050473186007, 473.23333333332135], "mean": 406.3431220216746, "std": 162.31656813295297}