{"number_episodes": 4, "episode_rewards": [906.0999999999872, 895.3999999999902, 887.3999999999802, 893.2999999999864], "mean_all_episodes": 895.549999999986, "std_all_episodes": 6.760362416322742}