{"number_episodes": 3, "episode_rewards": [825.6999999999703, 862.9999999999783, 840.699999999975], "mean_all_episodes": 843.1333333333077, "std_all_episodes": 15.32456270900807}