{"number_episodes": 5, "episode_rewards": [752.0999999999641, 805.2999999999721, 809.0999999999807, 873.4999999999754, 864.4999999999837], "mean_all_episodes": 820.8999999999753, "std_all_episodes": 44.23518961189669}