{"number_episodes": 2, "episode_rewards": [752.0999999999641, 805.2999999999721], "mean_all_episodes": 778.6999999999681, "std_all_episodes": 26.600000000004002}