{"episode_rewards": [411.1781954887131, -90.3202898550729, 361.16760563379836, -72.55292096219938, 484.6176079734102, 185.61428571429016, 239.1857142857112, 418.5567164179043, -81.19814126394083, 418.696992481194, 513.3751773049554, -0.18382838283571346, 87.77397260274253, -83.22980132450408, 459.899999999989], "mean": 216.83875240761034, "std": 228.1733079237769}