{"episode_rewards": [565.3929577464679, 278.8473684210432, 259.3771241829993, 40.18776978417569, 322.43521126759583, 360.6508532423074, 80.45555555556032, 520.1090592334394, 515.2846153846037, 280.69470198674594, 432.3675324675237, 509.48904109588096, 239.18571428570928, 401.5835016834959, 379.8999999999933], "mean": 345.7307337558361, "std": 150.11599332009632}