{"episode_rewards": [247.44098360656088, 269.3915254237302, 355.02820512820085, 342.8967426710032, 209.57741935484083, -18.46734693877615, 368.8655172413721, 308.2601286173592, 70.54846416382702, 308.5956521739063, 204.81803278688898, 224.42830188679653, 448.9909090908986, 368.12742474915916, 333.36007604562167], "mean": 269.4574690667593, "std": 116.74141392024652}