{"number_episodes": 11, "episode_rewards": [752.0999999999641, 805.2999999999721, 809.0999999999807, 873.4999999999754, 864.4999999999837, 827.399999999972, 800.799999999971, 771.6999999999617, 835.2999999999795, 818.5999999999674, 875.4999999999795], "mean_all_episodes": 821.254545454519, "std_all_episodes": 37.95102977729882}