{"number_episodes": 8, "episode_rewards": [752.0999999999641, 805.2999999999721, 809.0999999999807, 873.4999999999754, 864.4999999999837, 827.399999999972, 800.799999999971, 771.6999999999617], "mean_all_episodes": 813.0499999999727, "std_all_episodes": 38.98345803030337}