{"episode_rewards": [-42.793409742120566, -65.1349650349658, -93.62750809061383, -81.29122257053253, -90.0943894389443, -86.44812286689316, -25.100000000000172, -93.54262295081863, -68.85000000000035, -93.64838709677315, -114.08244514106583, -92.52424242424144, -93.22714776632199, -59.78275862068991, -71.52857142857172], "mean": -78.1117195448369, "std": 22.157932374954264}